case_id,cve_id,artifact,baseline_version,target_version,status,failure_kind,failure_subtype,scenario_type,vulnerability_presence_score,final_failure_reason,vulnerability_presence_verdict,judgment_confidence
CVE-2013-7285__00__1.4.1__1.4,CVE-2013-7285,com.thoughtworks.xstream:xstream,1.4.1,1.4,trace_diff,,trace_difference,trace_diff,0,vulnerability_not_present,no,high
CVE-2013-7285__02__1.4.10__1.4.9,CVE-2013-7285,com.thoughtworks.xstream:xstream,1.4.10,1.4.9,trace_diff,,trace_difference,trace_diff,0,vulnerability_not_present,no,high
CVE-2014-0097__02__3.1.0.RELEASE__3.0.7.RELEASE,CVE-2014-0097,org.springframework.security:spring-security-ldap,3.1.0.RELEASE,3.0.7.RELEASE,trace_diff,,trace_difference,trace_diff,0,vulnerability_not_present,no,high
CVE-2014-0114__01__1.7.0__1.6.1,CVE-2014-0114,commons-beanutils:commons-beanutils,1.7.0,1.6.1,trace_diff,,trace_difference,trace_diff,20,vulnerability_not_present,no,high
CVE-2014-0114__02__1.8.0__1.5,CVE-2014-0114,commons-beanutils:commons-beanutils,1.8.0,1.5,trace_diff,,trace_difference,trace_diff,20,vulnerability_not_present,no,medium
CVE-2014-125087__00__1.1__1.0,CVE-2014-125087,com.jamesmurty.utils:java-xmlbuilder,1.1,1.0,trace_diff,,trace_difference,trace_diff,25,vulnerability_not_present,no,high
CVE-2014-3578__00__1.2.6__1.2.5,CVE-2014-3578,org.springframework:spring-core,1.2.6,1.2.5,trace_diff,,trace_difference,trace_diff,49,undetermined,unknown,low
CVE-2014-3625__00__3.0.4.RELEASE__3.0.3.RELEASE,CVE-2014-3625,org.springframework:spring-webmvc,3.0.4.RELEASE,3.0.3.RELEASE,trace_diff,,trace_difference,trace_diff,25,vulnerability_not_present,no,medium
CVE-2014-3625__02__3.2.2.RELEASE__3.2.1.RELEASE,CVE-2014-3625,org.springframework:spring-webmvc,3.2.2.RELEASE,3.2.1.RELEASE,trace_diff,,trace_difference,trace_diff,41,vulnerability_not_present,no,low
CVE-2014-3625__04__4.0.0.RELEASE__3.2.18.RELEASE,CVE-2014-3625,org.springframework:spring-webmvc,4.0.0.RELEASE,3.2.18.RELEASE,trace_diff,,trace_difference,trace_diff,0,vulnerability_not_present,no,high
CVE-2014-3625__06__4.1.0.RELEASE__4.0.9.RELEASE,CVE-2014-3625,org.springframework:spring-webmvc,4.1.0.RELEASE,4.0.9.RELEASE,trace_diff,,trace_difference,trace_diff,0,vulnerability_not_present,no,high
CVE-2015-6748__00__1.6.2__1.6.1,CVE-2015-6748,org.jsoup:jsoup,1.6.2,1.6.1,trace_diff,,trace_difference,trace_diff,10,vulnerability_not_present,no,high
CVE-2016-4465__00__2.3.20__2.3.16.3,CVE-2016-4465,org.apache.struts.xwork:xwork-core,2.3.20,2.3.16.3,trace_diff,,trace_difference,trace_diff,50,undetermined,unknown,low
CVE-2016-4465__02__2.3.20.1__2.2.3.1,CVE-2016-4465,org.apache.struts.xwork:xwork-core,2.3.20.1,2.2.3.1,trace_diff,,trace_difference,trace_diff,0,vulnerability_not_present,no,high
CVE-2016-4465__03__2.3.20.3__2.2.3.1,CVE-2016-4465,org.apache.struts.xwork:xwork-core,2.3.20.3,2.2.3.1,trace_diff,,trace_difference,trace_diff,51,undetermined,unknown,low
CVE-2016-9879__00__3.0.4.RELEASE__3.0.3.RELEASE,CVE-2016-9879,org.springframework.security:spring-security-web,3.0.4.RELEASE,3.0.3.RELEASE,trace_diff,,trace_difference,trace_diff,75,exploit_invalid_due_to_version_change,possibly_yes,medium
CVE-2017-7957__00__1.4.5__1.4.4,CVE-2017-7957,com.thoughtworks.xstream:xstream,1.4.5,1.4.4,trace_diff,,trace_difference,trace_diff,75,exploit_invalid_due_to_version_change,possibly_yes,medium
CVE-2017-7957__02__1.4.7__1.4.6,CVE-2017-7957,com.thoughtworks.xstream:xstream,1.4.7,1.4.6,trace_diff,,trace_difference,trace_diff,15,vulnerability_not_present,no,high
CVE-2018-1000613__00__1.58__1.57,CVE-2018-1000613,org.bouncycastle:bcprov-jdk15on,1.58,1.57,trace_diff,,trace_difference,trace_diff,0,vulnerability_not_present,no,high
CVE-2018-1000873__00__2.6.0-rc2__2.6.0-rc1,CVE-2018-1000873,com.fasterxml.jackson.datatype:jackson-datatype-jsr310,2.6.0-rc2,2.6.0-rc1,trace_diff,,trace_difference,trace_diff,0,vulnerability_not_present,no,high
CVE-2018-11039__02__3.0.0.RELEASE__2.5.6.SEC01,CVE-2018-11039,org.springframework:spring-web,3.0.0.RELEASE,2.5.6.SEC01,trace_diff,,trace_difference,trace_diff,0,vulnerability_not_present,no,high
CVE-2018-12036__00__1.2.2__1.2.1,CVE-2018-12036,org.owasp:dependency-check-maven,1.2.2,1.2.1,trace_diff,,trace_difference,trace_diff,40,vulnerability_not_present,no,low
CVE-2018-1324__00__1.11__1.10,CVE-2018-1324,org.apache.commons:commons-compress,1.11,1.10,trace_diff,,trace_difference,trace_diff,80,exploit_invalid_due_to_version_change,possibly_yes,medium
CVE-2018-15756__03__4.2.0.RELEASE__4.1.7.RELEASE,CVE-2018-15756,org.springframework:spring-web,4.2.0.RELEASE,4.1.7.RELEASE,trace_diff,,trace_difference,trace_diff,0,vulnerability_not_present,no,high
CVE-2018-18893__00__2.4.5__2.4.4,CVE-2018-18893,com.hubspot.jinjava:jinjava,2.4.5,2.4.4,trace_diff,,trace_difference,trace_diff,53,undetermined,unknown,low
CVE-2018-8009__05__0.23.1__0.22.0,CVE-2018-8009,org.apache.hadoop:hadoop-common,0.23.1,0.22.0,execution_failure,dependency_resolution_failure,dependency_resolution_failure,dependency_resolution_failure,50,undetermined,unknown,low
CVE-2019-10094__00__1.19__1.18,CVE-2019-10094,org.apache.tika:tika-parsers,1.19,1.18,trace_diff,,trace_difference,trace_diff,55,undetermined,unknown,low
CVE-2019-10219__00__6.0.5.Final__6.0.4.Final,CVE-2019-10219,org.hibernate.validator:hibernate-validator,6.0.5.Final,6.0.4.Final,trace_diff,,trace_difference,trace_diff,50,undetermined,unknown,medium
CVE-2019-13990__01__2.1.0__2.0.2,CVE-2019-13990,org.quartz-scheduler:quartz,2.1.0,2.0.2,trace_diff,,trace_difference,trace_diff,55,undetermined,unknown,low
CVE-2019-16771__01__0.87.0__0.81.1,CVE-2019-16771,com.linecorp.armeria:armeria,0.87.0,0.81.1,trace_diff,,trace_difference,trace_diff,25,vulnerability_not_present,no,medium
CVE-2019-16869__00__5.0.0.Alpha2__5.0.0.Alpha1,CVE-2019-16869,io.netty:netty-codec-http,5.0.0.Alpha2,5.0.0.Alpha1,trace_diff,,trace_difference,trace_diff,50,undetermined,unknown,medium
CVE-2019-16869__02__4.1.125.Final__4.1.124.Final,CVE-2019-16869,io.netty:netty-codec-http,4.1.125.Final,4.1.124.Final,trace_diff,,trace_difference,trace_diff,20,vulnerability_not_present,no,high
CVE-2019-16869__03__4.2.5.Final__4.2.4.Final,CVE-2019-16869,io.netty:netty-codec-http,4.2.5.Final,4.2.4.Final,trace_diff,,trace_difference,trace_diff,90,exploit_invalid_due_to_version_change,possibly_yes,high
CVE-2019-16869__04__4.1.0.Beta1__4.0.21.Final,CVE-2019-16869,io.netty:netty-codec-http,4.1.0.Beta1,4.0.21.Final,trace_diff,,trace_difference,trace_diff,0,vulnerability_not_present,no,high
CVE-2019-16942__05__2.3.0-rc1__2.2.3,CVE-2019-16942,com.fasterxml.jackson.core:jackson-databind,2.3.0-rc1,2.2.3,trace_diff,,trace_difference,trace_diff,25,vulnerability_not_present,no,medium
CVE-2019-20444__00__5.0.0.Alpha2__5.0.0.Alpha1,CVE-2019-20444,io.netty:netty-codec-http,5.0.0.Alpha2,5.0.0.Alpha1,trace_diff,,trace_difference,trace_diff,75,undetermined,possibly_yes,medium
CVE-2019-20444__02__4.1.0.Beta1__4.0.21.Final,CVE-2019-20444,io.netty:netty-codec-http,4.1.0.Beta1,4.0.21.Final,trace_diff,,trace_difference,trace_diff,25,vulnerability_not_present,no,medium
CVE-2019-20445__00__5.0.0.Alpha2__5.0.0.Alpha1,CVE-2019-20445,io.netty:netty-all,5.0.0.Alpha2,5.0.0.Alpha1,trace_diff,,trace_difference,trace_diff,75,exploit_invalid_due_to_version_change,possibly_yes,medium
CVE-2019-20445__02__4.1.0.Beta1__4.0.21.Final,CVE-2019-20445,io.netty:netty-all,4.1.0.Beta1,4.0.21.Final,trace_diff,,trace_difference,trace_diff,42,vulnerability_not_present,no,low
CVE-2019-5312__00__2.5.4.BETA__2.5.3.BETA,CVE-2019-5312,com.github.binarywang:weixin-java-pay,2.5.4.BETA,2.5.3.BETA,trace_diff,,trace_difference,trace_diff,0,vulnerability_not_present,no,high
CVE-2019-5427__00__0.9.5.3__0.9.5.2,CVE-2019-5427,com.mchange:c3p0,0.9.5.3,0.9.5.2,trace_diff,,trace_difference,trace_diff,100,exploit_invalid_due_to_version_change,possibly_yes,medium
CVE-2020-11619__02__2.7.9.3__2.7.9.2,CVE-2020-11619,com.fasterxml.jackson.core:jackson-databind,2.7.9.3,2.7.9.2,trace_diff,,trace_difference,trace_diff,15,vulnerability_not_present,no,high
CVE-2020-13956__00__4.3-beta1__4.3-alpha1,CVE-2020-13956,org.apache.httpcomponents:httpclient,4.3-beta1,4.3-alpha1,trace_diff,,trace_difference,trace_diff,49,undetermined,unknown,low
CVE-2020-15250__01__4.7__4.6,CVE-2020-15250,com.github.samtools:htsjdk,4.7,4.6,execution_failure,dependency_resolution_failure,dependency_resolution_failure,dependency_resolution_failure,50,undetermined,unknown,low
CVE-2020-1953__00__2.2__2.1.1,CVE-2020-1953,org.apache.commons:commons-configuration2,2.2,2.1.1,trace_diff,,trace_difference,trace_diff,47,undetermined,unknown,low
CVE-2020-26217__00__1.4.1__1.4,CVE-2020-26217,com.thoughtworks.xstream:xstream,1.4.1,1.4,trace_diff,,trace_difference,trace_diff,0,vulnerability_not_present,no,high
CVE-2020-26258__00__1.4.1__1.4,CVE-2020-26258,com.thoughtworks.xstream:xstream,1.4.1,1.4,trace_diff,,trace_difference,trace_diff,0,vulnerability_not_present,no,high
CVE-2020-26259__00__1.0.2__1.0.1,CVE-2020-26259,com.thoughtworks.xstream:xstream,1.0.2,1.0.1,trace_diff,,trace_difference,trace_diff,0,vulnerability_not_present,no,high
CVE-2020-26259__01__1.4.1__1.4,CVE-2020-26259,com.thoughtworks.xstream:xstream,1.4.1,1.4,trace_diff,,trace_difference,trace_diff,0,vulnerability_not_present,no,high
CVE-2020-28052__00__1.65__1.64,CVE-2020-28052,org.bouncycastle:bcprov-jdk15to18,1.65,1.64,trace_diff,,trace_difference,trace_diff,25,vulnerability_not_present,no,medium
CVE-2020-28491__02__2.10.0.pr1__2.9.9,CVE-2020-28491,com.fasterxml.jackson.dataformat:jackson-dataformat-cbor,2.10.0.pr1,2.9.9,execution_failure,process_failure,missing_class,process_failure,50,undetermined,unknown,medium
CVE-2020-36186__03__2.3.0-rc1__2.2.3,CVE-2020-36186,com.fasterxml.jackson.core:jackson-databind,2.3.0-rc1,2.2.3,trace_diff,,trace_difference,trace_diff,50,undetermined,unknown,medium
CVE-2020-36518__00__2.4.0-rc1__2.3.3,CVE-2020-36518,com.fasterxml.jackson.core:jackson-databind,2.4.0-rc1,2.3.3,execution_failure,process_failure,missing_method,process_failure,55,undetermined,unknown,low
CVE-2020-5245__00__1.3.9__1.3.8,CVE-2020-5245,io.dropwizard:dropwizard-validation,1.3.9,1.3.8,trace_diff,,trace_difference,trace_diff,49,undetermined,unknown,low
CVE-2020-5398__03__5.0.0.RELEASE__4.3.11.RELEASE,CVE-2020-5398,org.springframework:spring-web,5.0.0.RELEASE,4.3.11.RELEASE,trace_diff,,trace_difference,trace_diff,0,vulnerability_not_present,no,high
CVE-2020-6858__02__1.0.0.beta3__0.7.10,CVE-2020-6858,com.hotels.styx:styx-api,1.0.0.beta3,0.7.10,trace_diff,,trace_difference,trace_diff,51,undetermined,unknown,low
CVE-2020-8929__00__1.3.0-rc1__1.2.2,CVE-2020-8929,com.google.crypto.tink:tink,1.3.0-rc1,1.2.2,trace_diff,,trace_difference,trace_diff,25,vulnerability_not_present,no,medium
CVE-2020-9546__00__2.4.1.2__2.4.1.1,CVE-2020-9546,com.fasterxml.jackson.core:jackson-databind,2.4.1.2,2.4.1.1,trace_diff,,trace_difference,trace_diff,0,vulnerability_not_present,no,high
CVE-2021-21234__00__0.2.9__0.2.8,CVE-2021-21234,eu.hinsch:spring-boot-actuator-logview,0.2.9,0.2.8,trace_diff,,trace_difference,trace_diff,0,vulnerability_not_present,no,high
CVE-2021-21344__00__1.4.1__1.4,CVE-2021-21344,com.thoughtworks.xstream:xstream,1.4.1,1.4,trace_diff,,trace_difference,trace_diff,0,vulnerability_not_present,no,high
CVE-2021-21344__02__1.4.6__1.4.5,CVE-2021-21344,com.thoughtworks.xstream:xstream,1.4.6,1.4.5,trace_diff,,trace_difference,trace_diff,20,vulnerability_not_present,no,high
CVE-2021-21344__03__1.4.15__1.4.14-java7,CVE-2021-21344,com.thoughtworks.xstream:xstream,1.4.15,1.4.14-java7,trace_diff,,trace_difference,trace_diff,53,undetermined,unknown,low
CVE-2021-21345__00__1.4.1__1.4,CVE-2021-21345,com.thoughtworks.xstream:xstream,1.4.1,1.4,trace_diff,,trace_difference,trace_diff,25,vulnerability_not_present,no,high
CVE-2021-21345__02__1.4.6__1.4.5,CVE-2021-21345,com.thoughtworks.xstream:xstream,1.4.6,1.4.5,trace_diff,,trace_difference,trace_diff,25,vulnerability_not_present,no,high
CVE-2021-21345__03__1.4.15__1.4.14-java7,CVE-2021-21345,com.thoughtworks.xstream:xstream,1.4.15,1.4.14-java7,trace_diff,,trace_difference,trace_diff,62,undetermined,unknown,low
CVE-2021-21346__00__1.4.6__1.4.5,CVE-2021-21346,com.thoughtworks.xstream:xstream,1.4.6,1.4.5,trace_diff,,trace_difference,trace_diff,25,vulnerability_not_present,no,medium
CVE-2021-21346__01__1.4.15__1.4.14-java7,CVE-2021-21346,com.thoughtworks.xstream:xstream,1.4.15,1.4.14-java7,trace_diff,,trace_difference,trace_diff,75,exploit_invalid_due_to_version_change,possibly_yes,medium
CVE-2021-21349__00__1.4.1__1.4,CVE-2021-21349,com.thoughtworks.xstream:xstream,1.4.1,1.4,trace_diff,,trace_difference,trace_diff,20,vulnerability_not_present,no,high
CVE-2021-21349__02__1.4.6__1.4.5,CVE-2021-21349,com.thoughtworks.xstream:xstream,1.4.6,1.4.5,trace_diff,,trace_difference,trace_diff,0,vulnerability_not_present,no,high
CVE-2021-21349__03__1.4.15__1.4.14-java7,CVE-2021-21349,com.thoughtworks.xstream:xstream,1.4.15,1.4.14-java7,trace_diff,,trace_difference,trace_diff,20,vulnerability_not_present,no,high
CVE-2021-21351__00__1.4.6__1.4.5,CVE-2021-21351,com.thoughtworks.xstream:xstream,1.4.6,1.4.5,trace_diff,,trace_difference,trace_diff,50,undetermined,unknown,low
CVE-2021-21351__01__1.4.15__1.4.14-java7,CVE-2021-21351,com.thoughtworks.xstream:xstream,1.4.15,1.4.14-java7,trace_diff,,trace_difference,trace_diff,25,vulnerability_not_present,no,medium
CVE-2021-27568__00__1.0.8__1.0.6.3,CVE-2021-27568,net.minidev:json-smart,1.0.8,1.0.6.3,trace_diff,,trace_difference,trace_diff,75,exploit_invalid_due_to_version_change,possibly_yes,medium
CVE-2021-27807__01__2.0.0-RC1__1.8.10,CVE-2021-27807,org.apache.pdfbox:pdfbox,2.0.0-RC1,1.8.10,trace_diff,,trace_difference,trace_diff,20,vulnerability_not_present,no,medium
CVE-2021-29425__00__1.1__0.1,CVE-2021-29425,commons-io:commons-io,1.1,0.1,trace_diff,,trace_difference,trace_diff,0,vulnerability_not_present,no,high
CVE-2021-29425__01__1.2__1.0,CVE-2021-29425,commons-io:commons-io,1.2,1.0,trace_diff,,trace_difference,trace_diff,100,exploit_invalid_due_to_version_change,possibly_yes,medium
CVE-2021-29505__00__1.4.6__1.4.5,CVE-2021-29505,com.thoughtworks.xstream:xstream,1.4.6,1.4.5,trace_diff,,trace_difference,trace_diff,46,undetermined,unknown,low
CVE-2021-29505__01__1.4.15__1.4.14-java7,CVE-2021-29505,com.thoughtworks.xstream:xstream,1.4.15,1.4.14-java7,trace_diff,,trace_difference,trace_diff,52,undetermined,unknown,low
CVE-2021-31684__02__1.1__1.0.9,CVE-2021-31684,net.minidev:json-smart,1.1,1.0.9,trace_diff,,trace_difference,trace_diff,0,vulnerability_not_present,no,high
CVE-2021-33609__00__8.0.6__8.0.5,CVE-2021-33609,com.vaadin:vaadin-server,8.0.6,8.0.5,trace_diff,,trace_difference,trace_diff,10,vulnerability_not_present,no,high
CVE-2021-35043__02__1.6.6__1.6.5,CVE-2021-35043,org.owasp.antisamy:antisamy,1.6.6,1.6.5,trace_diff,,trace_difference,trace_diff,75,exploit_invalid_due_to_version_change,possibly_yes,medium
CVE-2021-35516__00__1.20__1.19,CVE-2021-35516,org.apache.commons:commons-compress,1.20,1.19,trace_diff,,trace_difference,trace_diff,0,vulnerability_not_present,no,high
CVE-2021-39141__00__1.4.1__1.4,CVE-2021-39141,com.thoughtworks.xstream:xstream,1.4.1,1.4,trace_diff,,trace_difference,trace_diff,0,vulnerability_not_present,no,high
CVE-2021-39141__02__1.4.6__1.4.5,CVE-2021-39141,com.thoughtworks.xstream:xstream,1.4.6,1.4.5,trace_diff,,trace_difference,trace_diff,20,vulnerability_not_present,no,high
CVE-2021-39141__03__1.4.15__1.4.14-java7,CVE-2021-39141,com.thoughtworks.xstream:xstream,1.4.15,1.4.14-java7,trace_diff,,trace_difference,trace_diff,51,undetermined,unknown,low
CVE-2021-39144__00__1.4.1__1.4,CVE-2021-39144,com.thoughtworks.xstream:xstream,1.4.1,1.4,trace_diff,,trace_difference,trace_diff,64,undetermined,unknown,low
CVE-2021-39144__02__1.4.6__1.4.5,CVE-2021-39144,com.thoughtworks.xstream:xstream,1.4.6,1.4.5,trace_diff,,trace_difference,trace_diff,20,vulnerability_not_present,no,high
CVE-2021-39144__03__1.4.15__1.4.14-java7,CVE-2021-39144,com.thoughtworks.xstream:xstream,1.4.15,1.4.14-java7,trace_diff,,trace_difference,trace_diff,58,undetermined,unknown,low
CVE-2021-39150__00__1.4.1__1.4,CVE-2021-39150,com.thoughtworks.xstream:xstream,1.4.1,1.4,trace_diff,,trace_difference,trace_diff,0,vulnerability_not_present,no,high
CVE-2021-39150__02__1.4.6__1.4.5,CVE-2021-39150,com.thoughtworks.xstream:xstream,1.4.6,1.4.5,trace_diff,,trace_difference,trace_diff,20,vulnerability_not_present,no,high
CVE-2021-39150__03__1.4.15__1.4.14-java7,CVE-2021-39150,com.thoughtworks.xstream:xstream,1.4.15,1.4.14-java7,trace_diff,,trace_difference,trace_diff,50,undetermined,unknown,medium
CVE-2021-40111__01__3.5.0__3.4.0,CVE-2021-40111,org.apache.james.protocols:protocols-imap,3.5.0,3.4.0,trace_diff,,trace_difference,trace_diff,0,vulnerability_not_present,no,high
CVE-2021-40660__00__0.1.22__0.1.21,CVE-2021-40660,org.javadelight:delight-nashorn-sandbox,0.1.22,0.1.21,trace_diff,,trace_difference,trace_diff,75,exploit_invalid_due_to_version_change,possibly_yes,medium
CVE-2021-42575__01__20170329.1__20160924.1,CVE-2021-42575,com.googlecode.owasp-java-html-sanitizer:owasp-java-html-sanitizer,20170329.1,20160924.1,trace_diff,,trace_difference,trace_diff,25,exploit_invalid_due_to_version_change,possibly_yes,medium
CVE-2021-43090__01__1.5.4__1.5.3,CVE-2021-43090,com.predic8:soa-model-core,1.5.4,1.5.3,execution_failure,dependency_resolution_failure,dependency_resolution_failure,dependency_resolution_failure,50,undetermined,unknown,low
CVE-2021-43113__00__7.1.12__7.1.11,CVE-2021-43113,com.itextpdf:kernel,7.1.12,7.1.11,trace_diff,,trace_difference,trace_diff,0,vulnerability_not_present,no,high
CVE-2021-43795__01__1.12.0__1.11.0,CVE-2021-43795,com.linecorp.armeria:armeria,1.12.0,1.11.0,trace_diff,,trace_difference,trace_diff,75,undetermined,possibly_yes,medium
CVE-2021-43859__00__1.4.1__1.4,CVE-2021-43859,com.thoughtworks.xstream:xstream,1.4.1,1.4,trace_diff,,trace_difference,trace_diff,25,vulnerability_not_present,no,medium
CVE-2021-43859__01__1.4.15__1.4.14-java7,CVE-2021-43859,com.thoughtworks.xstream:xstream,1.4.15,1.4.14-java7,trace_diff,,trace_difference,trace_diff,25,vulnerability_not_present,no,high
CVE-2021-44228__00__2.0-rc2__2.0-rc1,CVE-2021-44228,org.apache.logging.log4j:log4j-core,2.0-rc2,2.0-rc1,trace_diff,,trace_difference,trace_diff,50,undetermined,unknown,low
CVE-2021-45046__00__2.0-rc2__2.0-rc1,CVE-2021-45046,org.apache.logging.log4j:log4j-core,2.0-rc2,2.0-rc1,trace_diff,,trace_difference,trace_diff,50,undetermined,unknown,medium
CVE-2022-0272__00__1.10.0-RC1__1.9.1,CVE-2022-0272,io.gitlab.arturbosch.detekt:detekt-core,1.10.0-RC1,1.9.1,trace_diff,,trace_difference,trace_diff,5,vulnerability_not_present,no,medium
CVE-2022-0839__00__3.2.0__3.1.1,CVE-2022-0839,org.liquibase:liquibase-core,3.2.0,3.1.1,trace_diff,,trace_difference,trace_diff,50,undetermined,unknown,low
CVE-2022-1471__00__1.7__1.6,CVE-2022-1471,org.yaml:snakeyaml,1.7,1.6,trace_diff,,trace_difference,trace_diff,52,undetermined,unknown,low
CVE-2022-1848__00__1.42.2__1.42.1,CVE-2022-1848,com.erudika:para-core,1.42.2,1.42.1,trace_diff,,trace_difference,trace_diff,25,vulnerability_not_present,no,high
CVE-2022-21126__00__2.4.1__2.4.0,CVE-2022-21126,com.github.samtools:htsjdk,2.4.1,2.4.0,execution_failure,dependency_resolution_failure,dependency_resolution_failure,dependency_resolution_failure,25,vulnerability_not_present,no,high
CVE-2022-21724__00__9.4.1209.jre6__9.4.1207.jre7,CVE-2022-21724,org.postgresql:postgresql,9.4.1209.jre6,9.4.1207.jre7,trace_diff,,trace_difference,trace_diff,50,undetermined,unknown,low
CVE-2022-21724__01__9.4.1208__9.4.1207.jre6,CVE-2022-21724,org.postgresql:postgresql,9.4.1208,9.4.1207.jre6,trace_diff,,trace_difference,trace_diff,50,undetermined,unknown,low
CVE-2022-21724__03__42.2.22.jre7__42.2.22.jre6,CVE-2022-21724,org.postgresql:postgresql,42.2.22.jre7,42.2.22.jre6,trace_diff,,trace_difference,trace_diff,0,vulnerability_not_present,no,medium
CVE-2022-21724__06__42.2.16__42.2.15.jre6,CVE-2022-21724,org.postgresql:postgresql,42.2.16,42.2.15.jre6,trace_diff,,trace_difference,trace_diff,75,exploit_invalid_due_to_version_change,possibly_yes,medium
CVE-2022-22968__02__3.0.0.RELEASE__2.5.6.SEC01,CVE-2022-22968,org.springframework:spring-context,3.0.0.RELEASE,2.5.6.SEC01,trace_diff,,trace_difference,trace_diff,51,undetermined,unknown,low
CVE-2022-22976__01__5.5.0__5.4.11,CVE-2022-22976,org.springframework.security:spring-security-crypto,5.5.0,5.4.11,trace_diff,,trace_difference,trace_diff,0,vulnerability_not_present,no,high
CVE-2022-22976__04__5.6.0__5.5.8,CVE-2022-22976,org.springframework.security:spring-security-crypto,5.6.0,5.5.8,trace_diff,,trace_difference,trace_diff,75,exploit_invalid_due_to_version_change,possibly_yes,medium
CVE-2022-22980__00__2.2.0.RELEASE__2.1.21.RELEASE,CVE-2022-22980,org.springframework.data:spring-data-mongodb,2.2.0.RELEASE,2.1.21.RELEASE,execution_failure,execution_failure,missing_method,test_failure,0,vulnerability_not_present,no,high
CVE-2022-23457__00__2.2.1.0-RC1__2.2.0.0,CVE-2022-23457,org.owasp.esapi:esapi,2.2.1.0-RC1,2.2.0.0,trace_diff,,trace_difference,trace_diff,50,undetermined,unknown,medium
CVE-2022-24898__01__13.0__12.10.11,CVE-2022-24898,org.xwiki.commons:xwiki-commons-xml,13.0,12.10.11,trace_diff,,trace_difference,trace_diff,0,vulnerability_not_present,no,high
CVE-2022-24898__03__13.5-rc-1__13.4.7,CVE-2022-24898,org.xwiki.commons:xwiki-commons-xml,13.5-rc-1,13.4.7,trace_diff,,trace_difference,trace_diff,25,vulnerability_not_present,no,high
CVE-2022-25845__05__1.2.59__1.2.8.sec05,CVE-2022-25845,com.alibaba:fastjson,1.2.59,1.2.8.sec05,trace_diff,,trace_difference,trace_diff,25,vulnerability_not_present,no,medium
CVE-2022-25845__14__1.2.52.sec10__1.2.7.sec10,CVE-2022-25845,com.alibaba:fastjson,1.2.52.sec10,1.2.7.sec10,trace_diff,,trace_difference,trace_diff,50,undetermined,unknown,low
CVE-2022-25845__17__1.2.61.sec10__1.2.2.sec10,CVE-2022-25845,com.alibaba:fastjson,1.2.61.sec10,1.2.2.sec10,trace_diff,,trace_difference,trace_diff,50,undetermined,unknown,medium
CVE-2022-25867__02__1.0.0__0.9.0,CVE-2022-25867,io.socket:socket.io-client,1.0.0,0.9.0,trace_diff,,trace_difference,trace_diff,15,vulnerability_not_present,no,high
CVE-2022-29577__02__1.7.3__1.7.2,CVE-2022-29577,org.owasp.antisamy:antisamy,1.7.3,1.7.2,trace_diff,,trace_difference,trace_diff,10,vulnerability_not_present,no,high
CVE-2022-29631__00__3.4.2__3.4.1,CVE-2022-29631,org.jodd:jodd-http,3.4.2,3.4.1,trace_diff,,trace_difference,trace_diff,0,vulnerability_not_present,no,high
CVE-2022-34662__00__2.0.0__2.0.0-alpha,CVE-2022-34662,org.apache.dolphinscheduler:dolphinscheduler-api,2.0.0,2.0.0-alpha,trace_diff,,trace_difference,trace_diff,53,undetermined,unknown,low
CVE-2022-36033__01__1.14.1__1.13.1,CVE-2022-36033,org.jsoup:jsoup,1.14.1,1.13.1,trace_diff,,trace_difference,trace_diff,50,undetermined,unknown,medium
CVE-2022-39243__00__1.2.4__1.2.3,CVE-2022-39243,com.zaxxer:nuprocess,1.2.4,1.2.3,trace_diff,,trace_difference,trace_diff,50,undetermined,unknown,medium
CVE-2022-40151__00__1.4.1__1.4,CVE-2022-40151,com.thoughtworks.xstream:xstream,1.4.1,1.4,trace_diff,,trace_difference,trace_diff,20,vulnerability_not_present,no,high
CVE-2022-40151__01__1.4.15__1.4.14-java7,CVE-2022-40151,com.thoughtworks.xstream:xstream,1.4.15,1.4.14-java7,trace_diff,,trace_difference,trace_diff,20,vulnerability_not_present,no,medium
CVE-2022-41854__00__1.26__1.25,CVE-2022-41854,org.yaml:snakeyaml,1.26,1.25,trace_diff,,trace_difference,trace_diff,0,vulnerability_not_present,no,high
CVE-2022-41915__00__5.0.0.Alpha2__5.0.0.Alpha1,CVE-2022-41915,io.netty:netty-codec-http,5.0.0.Alpha2,5.0.0.Alpha1,execution_failure,process_failure,binary_incompatibility,process_failure,75,undetermined,unknown,low
CVE-2022-41915__01__4.1.83.Final__4.1.82.Final,CVE-2022-41915,io.netty:netty-codec-http,4.1.83.Final,4.1.82.Final,execution_failure,process_failure,binary_incompatibility,process_failure,18,vulnerability_not_present,no,medium
CVE-2022-41966__00__1.4.1__1.4,CVE-2022-41966,com.thoughtworks.xstream:xstream,1.4.1,1.4,trace_diff,,trace_difference,trace_diff,50,undetermined,unknown,medium
CVE-2022-41966__01__1.4.15__1.4.14-java7,CVE-2022-41966,com.thoughtworks.xstream:xstream,1.4.15,1.4.14-java7,trace_diff,,trace_difference,trace_diff,0,vulnerability_not_present,no,high
CVE-2022-42003__02__2.4.0-rc1__2.3.3,CVE-2022-42003,com.fasterxml.jackson.core:jackson-databind,2.4.0-rc1,2.3.3,execution_failure,process_failure,missing_method,process_failure,63,undetermined,unknown,low
CVE-2022-42004__02__2.4.0-rc1__2.3.3,CVE-2022-42004,com.fasterxml.jackson.core:jackson-databind,2.4.0-rc1,2.3.3,execution_failure,process_failure,missing_method,process_failure,50,undetermined,unknown,low
CVE-2022-42889__00__1.8__1.7,CVE-2022-42889,org.apache.commons:commons-text,1.8,1.7,trace_diff,,trace_difference,trace_diff,25,vulnerability_not_present,no,high
CVE-2022-45693__00__1.3.1__1.3,CVE-2022-45693,org.codehaus.jettison:jettison,1.3.1,1.3,trace_diff,,trace_difference,trace_diff,10,vulnerability_not_present,no,high
CVE-2023-1370__00__1.0.8__1.0.6.3,CVE-2023-1370,net.minidev:json-smart,1.0.8,1.0.6.3,trace_diff,,trace_difference,trace_diff,51,undetermined,unknown,low
CVE-2023-1370__02__2.4.6__2.4.5,CVE-2023-1370,net.minidev:json-smart,2.4.6,2.4.5,execution_failure,dependency_resolution_failure,dependency_resolution_failure,dependency_resolution_failure,50,undetermined,unknown,low
CVE-2023-1370__05__2.5.0__2.4.11,CVE-2023-1370,net.minidev:json-smart,2.5.0,2.4.11,trace_diff,,trace_difference,trace_diff,18,vulnerability_not_present,no,medium
CVE-2023-1436__00__1.3.1__1.3,CVE-2023-1436,org.codehaus.jettison:jettison,1.3.1,1.3,trace_diff,,trace_difference,trace_diff,44,vulnerability_not_present,no,low
CVE-2023-24163__01__5.5.0__5.4.7,CVE-2023-24163,cn.hutool:hutool-all,5.5.0,5.4.7,trace_diff,,trace_difference,trace_diff,25,vulnerability_not_present,no,high
CVE-2023-34453__00__1.1.3-M2__1.1.3-M1,CVE-2023-34453,org.xerial.snappy:snappy-java,1.1.3-M2,1.1.3-M1,trace_diff,,trace_difference,trace_diff,10,vulnerability_not_present,no,high
CVE-2023-34454__00__1.0.1-rc4__1.0.1-rc2,CVE-2023-34454,org.xerial.snappy:snappy-java,1.0.1-rc4,1.0.1-rc2,trace_diff,,trace_difference,trace_diff,10,vulnerability_not_present,no,high
CVE-2023-34624__00__2.4__2.2.1,CVE-2023-34624,net.sourceforge.htmlcleaner:htmlcleaner,2.4,2.2.1,trace_diff,,trace_difference,trace_diff,20,vulnerability_not_present,no,high
CVE-2023-41034__01__1.1.0__1.0.2,CVE-2023-41034,org.eclipse.leshan:leshan-core,1.1.0,1.0.2,trace_diff,,trace_difference,trace_diff,49,undetermined,unknown,low
CVE-2023-42503__00__1.22__1.21,CVE-2023-42503,org.apache.commons:commons-compress,1.22,1.21,trace_diff,,trace_difference,trace_diff,0,vulnerability_not_present,no,high
CVE-2023-49250__01__2.0.0-alpha__1.3.9,CVE-2023-49250,org.apache.dolphinscheduler:dolphinscheduler-common,2.0.0-alpha,1.3.9,trace_diff,,trace_difference,trace_diff,0,vulnerability_not_present,no,high
CVE-2023-5072__00__20171018__20170516,CVE-2023-5072,org.json:json,20171018,20170516,trace_diff,,trace_difference,trace_diff,25,vulnerability_not_present,no,high
CVE-2023-51074__00__2.2.0__2.1.0,CVE-2023-51074,com.jayway.jsonpath:json-path,2.2.0,2.1.0,trace_diff,,trace_difference,trace_diff,25,vulnerability_not_present,no,medium
CVE-2023-51075__00__5.7.20__5.7.19,CVE-2023-51075,cn.hutool:hutool-core,5.7.20,5.7.19,trace_diff,,trace_difference,trace_diff,0,vulnerability_not_present,no,high
CVE-2023-51075__02__5.8.18__5.8.17,CVE-2023-51075,cn.hutool:hutool-core,5.8.18,5.8.17,trace_diff,,trace_difference,trace_diff,50,undetermined,unknown,low
CVE-2023-51080__00__5.8.22__5.8.21,CVE-2023-51080,cn.hutool:hutool-core,5.8.22,5.8.21,trace_diff,,trace_difference,trace_diff,0,vulnerability_not_present,no,high
CVE-2023-52428__01__9.9.2__9.9.1,CVE-2023-52428,com.nimbusds:nimbus-jose-jwt,9.9.2,9.9.1,trace_diff,,trace_difference,trace_diff,20,vulnerability_not_present,no,high
CVE-2023-52428__03__4.0-rc1__3.10,CVE-2023-52428,com.nimbusds:nimbus-jose-jwt,4.0-rc1,3.10,trace_diff,,trace_difference,trace_diff,68,undetermined,unknown,low
CVE-2024-1597__00__9.4.1210__9.4.1209.jre6,CVE-2024-1597,org.postgresql:postgresql,9.4.1210,9.4.1209.jre6,execution_failure,runtime_failure,missing_method,runtime_failure,59,undetermined,unknown,low
CVE-2024-1597__01__9.4.1210.jre6__9.4.1209.jre7,CVE-2024-1597,org.postgresql:postgresql,9.4.1210.jre6,9.4.1209.jre7,execution_failure,runtime_failure,missing_method,runtime_failure,59,undetermined,unknown,low
CVE-2024-1597__03__42.2.22.jre7__42.2.22.jre6,CVE-2024-1597,org.postgresql:postgresql,42.2.22.jre7,42.2.22.jre6,execution_failure,runtime_failure,missing_method,runtime_failure,50,undetermined,unknown,medium
CVE-2024-1597__06__42.2.16__42.2.15.jre6,CVE-2024-1597,org.postgresql:postgresql,42.2.16,42.2.15.jre6,execution_failure,runtime_failure,missing_method,runtime_failure,78,undetermined,unknown,low
CVE-2024-23635__00__1.4.3__1.4.2,CVE-2024-23635,org.owasp.antisamy:antisamy,1.4.3,1.4.2,execution_failure,dependency_resolution_failure,dependency_resolution_failure,dependency_resolution_failure,50,undetermined,unknown,medium
CVE-2024-23635__01__1.5.1__1.5,CVE-2024-23635,org.owasp.antisamy:antisamy,1.5.1,1.5,trace_diff,,trace_difference,trace_diff,20,vulnerability_not_present,no,medium
CVE-2024-25710__00__1.3__1.2,CVE-2024-25710,org.apache.commons:commons-compress,1.3,1.2,trace_diff,,trace_difference,trace_diff,10,vulnerability_not_present,no,high
CVE-2024-31860__00__0.9.0-preview1__0.8.2,CVE-2024-31860,org.apache.zeppelin:zeppelin-server,0.9.0-preview1,0.8.2,trace_diff,,trace_difference,trace_diff,50,undetermined,unknown,medium
