CVE,total_rows,fn_count,fp_count,error_count,fn_ratio,fp_ratio,error_ratio
CVE-2011-2732,258,0,0,0,0.0,0.0,0.0
CVE-2013-2055,154,4,0,4,0.025974025974025976,0.0,0.025974025974025976
CVE-2013-6430,320,0,0,0,0.0,0.0,0.0
CVE-2013-7285,41,13,0,13,0.3170731707317073,0.0,0.3170731707317073
CVE-2014-0050,10,0,0,0,0.0,0.0,0.0
CVE-2014-0097,258,0,0,0,0.0,0.0,0.0
CVE-2014-0114,21,0,0,0,0.0,0.0,0.0
CVE-2014-125087,14,8,0,8,0.5714285714285714,0.0,0.5714285714285714
CVE-2014-3004,8,0,0,0,0.0,0.0,0.0
CVE-2014-3578,321,0,0,0,0.0,0.0,0.0
CVE-2014-3625,320,1,0,1,0.003125,0.0,0.003125
CVE-2014-4172,18,0,0,0,0.0,0.0,0.0
CVE-2015-0250,15,0,0,0,0.0,0.0,0.0
CVE-2015-6748,52,15,0,15,0.28846153846153844,0.0,0.28846153846153844
CVE-2016-1000031,10,3,0,3,0.3,0.0,0.3
CVE-2016-1000338,26,0,0,0,0.0,0.0,0.0
CVE-2016-2510,2,0,0,0,0.0,0.0,0.0
CVE-2016-4465,55,0,0,0,0.0,0.0,0.0
CVE-2016-6814,221,0,0,0,0.0,0.0,0.0
CVE-2016-7051,346,69,0,69,0.1994219653179191,0.0,0.1994219653179191
CVE-2016-9879,258,0,0,0,0.0,0.0,0.0
CVE-2017-1000190,48,5,0,5,0.10416666666666667,0.0,0.10416666666666667
CVE-2017-1000487,81,0,0,0,0.0,0.0,0.0
CVE-2017-15095,216,0,0,0,0.0,0.0,0.0
CVE-2017-4995,252,0,0,0,0.0,0.0,0.0
CVE-2017-7525,216,0,0,0,0.0,0.0,0.0
CVE-2017-7957,41,18,0,18,0.43902439024390244,0.0,0.43902439024390244
CVE-2018-1000613,26,0,0,0,0.0,0.0,0.0
CVE-2018-1000632,33,0,0,0,0.0,0.0,0.0
CVE-2018-1000844,18,0,0,0,0.0,0.0,0.0
CVE-2018-1000873,312,60,0,60,0.19230769230769232,0.0,0.19230769230769232
CVE-2018-1002200,87,5,0,5,0.05747126436781609,0.0,0.05747126436781609
CVE-2018-1002201,28,0,0,0,0.0,0.0,0.0
CVE-2018-11039,320,0,0,0,0.0,0.0,0.0
CVE-2018-12036,166,0,0,0,0.0,0.0,0.0
CVE-2018-12418,24,0,0,0,0.0,0.0,0.0
CVE-2018-12544,119,0,0,0,0.0,0.0,0.0
CVE-2018-1261,61,0,0,0,0.0,0.0,0.0
CVE-2018-1274,271,0,0,0,0.0,0.0,0.0
CVE-2018-1324,35,0,0,0,0.0,0.0,0.0
CVE-2018-14721,216,0,0,0,0.0,0.0,0.0
CVE-2018-15756,320,0,96,96,0.0,0.3,0.3
CVE-2018-18893,96,64,0,64,0.6666666666666666,0.0,0.6666666666666666
CVE-2018-19360,216,0,0,0,0.0,0.0,0.0
CVE-2018-19361,216,0,0,0,0.0,0.0,0.0
CVE-2018-20227,351,0,0,0,0.0,0.0,0.0
CVE-2018-21234,57,29,21,50,0.5087719298245614,0.3684210526315789,0.8771929824561403
CVE-2018-8009,82,0,0,0,0.0,0.0,0.0
CVE-2019-10086,21,0,0,0,0.0,0.0,0.0
CVE-2019-10094,69,12,0,12,0.17391304347826086,0.0,0.17391304347826086
CVE-2019-10219,85,12,0,12,0.1411764705882353,0.0,0.1411764705882353
CVE-2019-11272,267,9,0,9,0.033707865168539325,0.0,0.033707865168539325
CVE-2019-12086,216,0,0,0,0.0,0.0,0.0
CVE-2019-12384,216,0,0,0,0.0,0.0,0.0
CVE-2019-12402,35,0,0,0,0.0,0.0,0.0
CVE-2019-12415,55,0,0,0,0.0,0.0,0.0
CVE-2019-13990,37,0,0,0,0.0,0.0,0.0
CVE-2019-14379,216,0,0,0,0.0,0.0,0.0
CVE-2019-14439,216,0,0,0,0.0,0.0,0.0
CVE-2019-14540,216,0,0,0,0.0,0.0,0.0
CVE-2019-14893,216,0,0,0,0.0,0.0,0.0
CVE-2019-16771,267,0,0,0,0.0,0.0,0.0
CVE-2019-16869,476,2,14,16,0.004201680672268907,0.029411764705882353,0.03361344537815126
CVE-2019-16942,216,21,0,21,0.09722222222222222,0.0,0.09722222222222222
CVE-2019-16943,216,0,0,0,0.0,0.0,0.0
CVE-2019-20330,216,0,0,0,0.0,0.0,0.0
CVE-2019-20444,484,2,0,2,0.004132231404958678,0.0,0.004132231404958678
CVE-2019-20445,242,79,0,79,0.32644628099173556,0.0,0.32644628099173556
CVE-2019-5312,313,0,0,0,0.0,0.0,0.0
CVE-2019-5427,40,22,0,22,0.55,0.0,0.55
CVE-2020-10650,216,0,0,0,0.0,0.0,0.0
CVE-2020-10672,216,0,0,0,0.0,0.0,0.0
CVE-2020-10683,11,1,0,1,0.09090909090909091,0.0,0.09090909090909091
CVE-2020-10968,216,0,0,0,0.0,0.0,0.0
CVE-2020-11112,216,0,0,0,0.0,0.0,0.0
CVE-2020-11113,216,0,0,0,0.0,0.0,0.0
CVE-2020-11619,216,0,0,0,0.0,0.0,0.0
CVE-2020-11988,18,0,0,0,0.0,0.0,0.0
CVE-2020-13956,110,47,0,47,0.42727272727272725,0.0,0.42727272727272725
CVE-2020-13973,12,0,0,0,0.0,0.0,0.0
CVE-2020-14060,216,0,0,0,0.0,0.0,0.0
CVE-2020-14062,216,0,0,0,0.0,0.0,0.0
CVE-2020-15250,64,0,0,0,0.0,0.0,0.0
CVE-2020-1953,16,0,0,0,0.0,0.0,0.0
CVE-2020-24616,216,0,0,0,0.0,0.0,0.0
CVE-2020-24750,216,0,0,0,0.0,0.0,0.0
CVE-2020-26217,82,34,0,34,0.4146341463414634,0.0,0.4146341463414634
CVE-2020-26258,41,16,0,16,0.3902439024390244,0.0,0.3902439024390244
CVE-2020-26259,41,18,0,18,0.43902439024390244,0.0,0.43902439024390244
CVE-2020-28052,21,0,0,0,0.0,0.0,0.0
CVE-2020-28491,147,74,0,74,0.5034013605442177,0.0,0.5034013605442177
CVE-2020-35728,216,0,0,0,0.0,0.0,0.0
CVE-2020-36183,216,0,0,0,0.0,0.0,0.0
CVE-2020-36186,216,0,0,0,0.0,0.0,0.0
CVE-2020-36188,216,0,0,0,0.0,0.0,0.0
CVE-2020-36518,216,28,0,28,0.12962962962962962,0.0,0.12962962962962962
CVE-2020-5245,233,16,0,16,0.06866952789699571,0.0,0.06866952789699571
CVE-2020-5398,320,0,0,0,0.0,0.0,0.0
CVE-2020-6858,22,0,0,0,0.0,0.0,0.0
CVE-2020-8929,34,9,0,9,0.2647058823529412,0.0,0.2647058823529412
CVE-2020-9546,216,34,0,34,0.1574074074074074,0.0,0.1574074074074074
CVE-2020-9547,216,0,0,0,0.0,0.0,0.0
CVE-2020-9548,216,0,0,0,0.0,0.0,0.0
CVE-2021-21234,15,0,0,0,0.0,0.0,0.0
CVE-2021-21344,41,21,0,21,0.5121951219512195,0.0,0.5121951219512195
CVE-2021-21345,41,21,0,21,0.5121951219512195,0.0,0.5121951219512195
CVE-2021-21346,41,24,0,24,0.5853658536585366,0.0,0.5853658536585366
CVE-2021-21349,41,21,0,21,0.5121951219512195,0.0,0.5121951219512195
CVE-2021-21351,41,6,0,6,0.14634146341463414,0.0,0.14634146341463414
CVE-2021-23792,37,0,0,0,0.0,0.0,0.0
CVE-2021-23899,6,0,2,2,0.0,0.3333333333333333,0.3333333333333333
CVE-2021-23900,12,0,0,0,0.0,0.0,0.0
CVE-2021-27568,70,1,0,1,0.014285714285714285,0.0,0.014285714285714285
CVE-2021-27807,79,0,29,29,0.0,0.3670886075949367,0.3670886075949367
CVE-2021-29061,4,0,0,0,0.0,0.0,0.0
CVE-2021-29425,33,0,0,0,0.0,0.0,0.0
CVE-2021-29505,41,6,0,6,0.14634146341463414,0.0,0.14634146341463414
CVE-2021-30468,103,0,0,0,0.0,0.0,0.0
CVE-2021-31684,35,0,0,0,0.0,0.0,0.0
CVE-2021-33609,274,6,0,6,0.021897810218978103,0.0,0.021897810218978103
CVE-2021-33813,30,0,0,0,0.0,0.0,0.0
CVE-2021-35043,36,20,13,33,0.5555555555555556,0.3611111111111111,0.9166666666666666
CVE-2021-35516,35,16,0,16,0.45714285714285713,0.0,0.45714285714285713
CVE-2021-3878,39,0,0,0,0.0,0.0,0.0
CVE-2021-39141,41,19,0,19,0.4634146341463415,0.0,0.4634146341463415
CVE-2021-39144,41,21,0,21,0.5121951219512195,0.0,0.5121951219512195
CVE-2021-39150,41,19,0,19,0.4634146341463415,0.0,0.4634146341463415
CVE-2021-40111,23,0,0,0,0.0,0.0,0.0
CVE-2021-40660,54,0,0,0,0.0,0.0,0.0
CVE-2021-42575,39,2,0,2,0.05128205128205128,0.0,0.05128205128205128
CVE-2021-43090,14,0,5,5,0.0,0.35714285714285715,0.35714285714285715
CVE-2021-43113,47,0,21,21,0.0,0.44680851063829785,0.44680851063829785
CVE-2021-43795,267,0,0,0,0.0,0.0,0.0
CVE-2021-43797,484,2,0,2,0.004132231404958678,0.0,0.004132231404958678
CVE-2021-43859,41,7,3,10,0.17073170731707318,0.07317073170731707,0.24390243902439024
CVE-2021-44228,73,0,12,12,0.0,0.1643835616438356,0.1643835616438356
CVE-2021-45046,73,2,0,2,0.0273972602739726,0.0,0.0273972602739726
CVE-2022-0272,90,0,0,0,0.0,0.0,0.0
CVE-2022-0839,141,0,0,0,0.0,0.0,0.0
CVE-2022-1471,36,0,0,0,0.0,0.0,0.0
CVE-2022-1848,132,0,0,0,0.0,0.0,0.0
CVE-2022-21126,166,2,0,2,0.012048192771084338,0.0,0.012048192771084338
CVE-2022-21724,197,2,0,2,0.01015228426395939,0.0,0.01015228426395939
CVE-2022-22885,208,0,15,15,0.0,0.07211538461538461,0.07211538461538461
CVE-2022-22968,322,19,0,19,0.059006211180124224,0.0,0.059006211180124224
CVE-2022-22976,249,0,0,0,0.0,0.0,0.0
CVE-2022-22978,258,8,1,9,0.031007751937984496,0.003875968992248062,0.03488372093023256
CVE-2022-22980,280,0,0,0,0.0,0.0,0.0
CVE-2022-23082,16,4,0,4,0.25,0.0,0.25
CVE-2022-23457,30,10,0,10,0.3333333333333333,0.0,0.3333333333333333
CVE-2022-23596,48,6,0,6,0.125,0.0,0.125
CVE-2022-24196,47,0,0,0,0.0,0.0,0.0
CVE-2022-24197,94,0,0,0,0.0,0.0,0.0
CVE-2022-24615,102,0,0,0,0.0,0.0,0.0
CVE-2022-24897,543,71,0,71,0.13075506445672191,0.0,0.13075506445672191
CVE-2022-24898,542,0,0,0,0.0,0.0,0.0
CVE-2022-24913,11,0,0,0,0.0,0.0,0.0
CVE-2022-25845,352,110,4,114,0.3125,0.011363636363636364,0.32386363636363635
CVE-2022-25857,36,0,0,0,0.0,0.0,0.0
CVE-2022-25867,51,1,0,1,0.0196078431372549,0.0,0.0196078431372549
CVE-2022-25914,31,1,11,12,0.03225806451612903,0.3548387096774194,0.3870967741935484
CVE-2022-28367,36,20,0,20,0.5555555555555556,0.0,0.5555555555555556
CVE-2022-29546,48,0,0,0,0.0,0.0,0.0
CVE-2022-29577,36,20,7,27,0.5555555555555556,0.19444444444444445,0.75
CVE-2022-29599,18,0,0,0,0.0,0.0,0.0
CVE-2022-29631,82,0,0,0,0.0,0.0,0.0
CVE-2022-32549,42,33,0,33,0.7857142857142857,0.0,0.7857142857142857
CVE-2022-34662,46,0,24,24,0.0,0.5217391304347826,0.5217391304347826
CVE-2022-36033,52,0,0,0,0.0,0.0,0.0
CVE-2022-38750,36,0,0,0,0.0,0.0,0.0
CVE-2022-38751,36,0,0,0,0.0,0.0,0.0
CVE-2022-38752,36,0,0,0,0.0,0.0,0.0
CVE-2022-39243,60,6,0,6,0.1,0.0,0.1
CVE-2022-40151,41,7,0,7,0.17073170731707318,0.0,0.17073170731707318
CVE-2022-41404,1,0,0,0,0.0,0.0,0.0
CVE-2022-41854,36,22,0,22,0.6111111111111112,0.0,0.6111111111111112
CVE-2022-41915,242,0,0,0,0.0,0.0,0.0
CVE-2022-41966,41,7,0,7,0.17073170731707318,0.0,0.17073170731707318
CVE-2022-42003,432,0,0,0,0.0,0.0,0.0
CVE-2022-42004,216,0,0,0,0.0,0.0,0.0
CVE-2022-42889,17,3,0,3,0.17647058823529413,0.0,0.17647058823529413
CVE-2022-4565,208,0,0,0,0.0,0.0,0.0
CVE-2022-45685,24,2,0,2,0.08333333333333333,0.0,0.08333333333333333
CVE-2022-45688,238,0,17,17,0.0,0.07142857142857142,0.07142857142857142
CVE-2022-45690,208,0,0,0,0.0,0.0,0.0
CVE-2022-45693,24,0,0,0,0.0,0.0,0.0
CVE-2023-1370,35,2,1,3,0.05714285714285714,0.02857142857142857,0.08571428571428572
CVE-2023-1436,24,0,0,0,0.0,0.0,0.0
CVE-2023-24163,208,0,0,0,0.0,0.0,0.0
CVE-2023-31582,44,23,0,23,0.5227272727272727,0.0,0.5227272727272727
CVE-2023-33962,34,19,0,19,0.5588235294117647,0.0,0.5588235294117647
CVE-2023-34453,249,0,0,0,0.0,0.0,0.0
CVE-2023-34454,83,0,3,3,0.0,0.03614457831325301,0.03614457831325301
CVE-2023-34455,166,88,0,88,0.5301204819277109,0.0,0.5301204819277109
CVE-2023-34610,139,0,0,0,0.0,0.0,0.0
CVE-2023-34620,13,4,0,4,0.3076923076923077,0.0,0.3076923076923077
CVE-2023-34624,29,0,0,0,0.0,0.0,0.0
CVE-2023-3894,53,0,0,0,0.0,0.0,0.0
CVE-2023-39010,38,5,0,5,0.13157894736842105,0.0,0.13157894736842105
CVE-2023-39020,17,0,0,0,0.0,0.0,0.0
CVE-2023-39685,13,0,0,0,0.0,0.0,0.0
CVE-2023-4043,14,0,0,0,0.0,0.0,0.0
CVE-2023-41034,57,32,0,32,0.5614035087719298,0.0,0.5614035087719298
CVE-2023-42276,209,0,0,0,0.0,0.0,0.0
CVE-2023-42278,208,1,0,1,0.004807692307692308,0.0,0.004807692307692308
CVE-2023-42503,35,0,0,0,0.0,0.0,0.0
CVE-2023-43642,166,0,0,0,0.0,0.0,0.0
CVE-2023-49093,33,0,0,0,0.0,0.0,0.0
CVE-2023-49250,48,0,0,0,0.0,0.0,0.0
CVE-2023-50572,31,0,0,0,0.0,0.0,0.0
CVE-2023-5072,30,0,0,0,0.0,0.0,0.0
CVE-2023-51074,48,0,15,15,0.0,0.3125,0.3125
CVE-2023-51075,417,7,0,7,0.016786570743405275,0.0,0.016786570743405275
CVE-2023-51080,209,0,0,0,0.0,0.0,0.0
CVE-2023-52428,301,1,0,1,0.0033222591362126247,0.0,0.0033222591362126247
CVE-2023-7272,14,0,0,0,0.0,0.0,0.0
CVE-2024-1597,197,50,0,50,0.25380710659898476,0.0,0.25380710659898476
CVE-2024-22257,267,29,0,29,0.10861423220973783,0.0,0.10861423220973783
CVE-2024-23635,36,2,0,2,0.05555555555555555,0.0,0.05555555555555555
CVE-2024-23833,27,0,17,17,0.0,0.6296296296296297,0.6296296296296297
CVE-2024-25125,8,0,0,0,0.0,0.0,0.0
CVE-2024-25710,35,0,0,0,0.0,0.0,0.0
CVE-2024-26308,35,0,0,0,0.0,0.0,0.0
CVE-2024-31860,19,0,4,4,0.0,0.21052631578947367,0.21052631578947367
